Order Number,Company Name,Customer ID,Total Order Amount,Order Amount
53615,Canyon Adventure Collective,1012679,184.17,5/24/24
53618,Swift Wheels Works,1020349,358.15,5/24/24
53621,Velvet Spokes Studio,1045110,289.23,5/24/24
53622,Rugged Gear Works,1053474,361.6,5/24/24
53631,Rugged Motion Outdoors,1056050,339.07,5/25/24
53633,Urban Motion Systems,1121659,320.11,5/25/24
53656,Urban Adventure Corp,1128931,1010.4,5/27/24
53662,Swift Spokes Systems,1144409,40.4,5/28/24
53664,Crimson Wheels LLC,1147937,671.16,5/28/24
53681,Wild Outfitters Group,1159124,757.8,5/29/24
53682,Trail Motion Group,1163295,623.95,5/29/24
53683,Urban Motion Studio,1168169,252.57,5/29/24
53685,Crimson Riders Systems,1177614,243.57,5/29/24
53688,Canyon Cycles LLC,1200842,1656,5/29/24
53690,Urban Outfitters Collective,1210684,1242,5/29/24
53693,Wild Motion Outdoors,1219441,7426.9,5/30/24
53694,Velvet Gear Group,1237289,1027.94,5/30/24
53697,Urban Trails Studio,1243917,2114.36,5/30/24
53700,Wild Trails Group,1248479,129.2,5/30/24
53701,Rugged Trails Systems,1251423,1597.68,5/30/24
53704,Urban Peaks Inc,1255019,257.11,5/30/24
53706,Rugged Gear Outdoors,1259739,257.22,5/30/24
53707,Iron Trails Outdoors,1317818,389.41,5/30/24
53711,Swift Wheels Systems,1354732,655.08,5/30/24
53712,Swift Riders Group,1378543,317.71,5/30/24
53714,Swift Cycles Collective,1385193,514.06,5/30/24
53716,Urban Gear Inc,1392195,701.35,5/30/24
53718,Wild Motion Studio,1398859,973.83,5/30/24
53719,Canyon Motion Collective,1398957,663.31,5/30/24
53720,Canyon Peaks Works,1402143,308.4,5/30/24
53721,Swift Outfitters Outdoors,1465820,536.37,5/30/24
53722,Canyon Peaks Systems,1504315,86.6,5/30/24
53725,Wild Trails Works,1545793,344.37,5/30/24
53726,Rugged Adventure Group,1586717,1942.84,5/30/24
53728,Trail Riders Collective,1647325,361.01,5/30/24
53729,Trail Riders Group,1652483,846,5/30/24
53730,Canyon Motion Systems,1668040,644.35,5/30/24
53733,Summit Adventure Collective,1668942,585.57,5/30/24
53734,Summit Adventure Collective,1668942,478.06,5/30/24
53735,Summit Adventure Collective,1668942,344.86,5/30/24
53738,Canyon Motion Studio,1675396,1677.6,5/30/24
53741,Crimson Motion Group,1682530,347.89,5/30/24
53742,Wild Motion Inc,1770232,3477.6,5/30/24
53743,Crimson Peaks Corp,1773606,617.11,5/30/24
53744,Canyon Cycles LLC,1200842,4718.4,5/30/24
53745,Urban Peaks Corp,1775034,329.54,5/31/24
53746,Canyon Wheels Outdoors,1783522,6963.75,5/31/24
53747,Rugged Spokes Co,1805094,29,5/31/24
53748,Canyon Spokes Works,1811506,300.82,5/31/24
53749,Iron Cycles Group,1831133,1587.83,5/31/24
53751,Urban Motion LLC,1834662,494.43,5/31/24
53755,Trail Gear Corp,1879198,799.2,5/31/24
53758,Velvet Motion Works,1887593,1919.3,6/1/24
53759,Summit Adventure Outdoors,1923765,437.97,6/1/24
53761,Velvet Trails Systems,1946734,511.87,6/1/24
53772,Trail Peaks Inc,1950283,496.41,6/2/24
53781,Crimson Adventure Collective,2000097,169.77,6/3/24
53783,Rugged Motion Corp,2050453,728.28,6/3/24
53786,Trail Trails Studio,2091219,268.47,6/3/24
53787,Summit Wheels LLC,2116369,140.4,6/3/24
53790,Crimson Wheels Co,2134801,332.37,6/3/24
53791,Wild Motion Inc,1770232,993.6,6/3/24
53792,Wild Spokes Works,2172258,768,6/3/24
53793,Swift Riders Works,2178548,479.71,6/3/24
53794,Velvet Motion Systems,2182169,546.4,6/3/24
53795,Urban Cycles Co,2227416,284.62,6/3/24
53796,Trail Cycles Group,2230965,229.17,6/3/24
53797,Iron Peaks LLC,2236936,907.2,6/3/24
53806,Crimson Riders Co,2250794,589.01,6/4/24
53807,Canyon Adventure Corp,2257403,669.77,6/4/24
53811,Canyon Peaks Outdoors,2273506,686.34,6/4/24
53814,Rugged Spokes Co,1805094,0,6/4/24
53817,Summit Motion LLC,2276959,1294.2,6/4/24
53818,Rugged Outfitters Collective,2277258,919.8,6/4/24
53819,Wild Peaks Collective,2285273,610.17,6/4/24
53821,Wild Spokes Systems,2294806,120.2,6/4/24
53823,Summit Outfitters Studio,2301777,655.79,6/4/24
53824,Summit Peaks Works,2336284,665.22,6/4/24
53851,Urban Trails Collective,2358152,2725.8,6/5/24
53860,Iron Riders LLC,2364374,415.9,6/5/24
53862,Summit Motion Systems,2404243,255.31,6/5/24
53866,Velvet Outfitters Corp,2407581,1877.58,6/5/24
53868,Summit Riders Corp,2408467,610.78,6/5/24
53874,Velvet Trails Co,2410623,1645.43,6/5/24
53879,Swift Wheels Works,1020349,210.91,6/5/24
53880,Crimson Peaks Co,2415119,685.77,6/5/24
53884,Summit Spokes Outdoors,2429294,169.77,6/5/24
53886,Velvet Wheels Works,2453122,212.82,6/5/24
53896,Wild Trails LLC,2469428,993.6,6/5/24
53905,Summit Motion Studio,2514947,81.8,6/6/24
53909,Rugged Motion Co,2538643,328.02,6/6/24
53911,Iron Motion Corp,2546736,182.71,6/6/24
53912,Swift Trails LLC,2558399,1282.8,6/6/24
53922,Crimson Cycles Works,2641647,3805.44,6/7/24
53926,Rugged Wheels Systems,2642940,331.17,6/7/24
53931,Urban Outfitters Works,2644414,414.57,6/7/24
53932,Canyon Riders Collective,2657019,369.07,6/7/24
53933,Wild Gear Inc,2667485,445.51,6/7/24
53946,Iron Riders Studio,2689111,707.94,6/8/24
54001,Iron Cycles Collective,2743926,478.06,6/10/24
54004,Wild Riders Studio,2747054,539.75,6/10/24
54008,Urban Spokes Collective,2758156,195.68,6/10/24
54019,Urban Motion Studio,1168169,98.9,6/11/24
54022,Trail Gear Inc,2783242,288.82,6/11/24
54024,Crimson Gear Inc,2791000,40.4,6/11/24
54027,Urban Cycles Systems,2797334,610.61,6/11/24
54034,Wild Motion Works,2798166,586.07,6/12/24
54035,Wild Riders LLC,2811697,551.98,6/12/24
54039,Wild Adventure Works,2812449,296.71,6/12/24
54046,Iron Adventure Collective,2812637,2047.2,6/12/24
54047,Swift Adventure Systems,2813383,2373.6,6/12/24
54048,Trail Cycles Inc,2816943,197.82,6/12/24
54051,Crimson Wheels Outdoors,2888243,4955.63,6/12/24
54063,Canyon Gear Systems,2927478,515.93,6/13/24
54066,Summit Adventure Outdoors,1923765,635.9,6/13/24
54068,Canyon Riders Works,2944453,406.95,6/13/24
54070,Trail Cycles Studio,2951456,296.97,6/13/24
54079,Crimson Wheels Collective,2956409,242.4,6/13/24
54082,Wild Gear Group,2977715,3949.44,6/14/24
54084,Swift Riders Corp,2999334,979.8,6/14/24
54086,Swift Trails Co,3006766,1432.2,6/14/24
54087,Crimson Trails Co,3020084,8538,6/14/24
54088,Crimson Spokes Works,3024987,969.6,6/14/24
54094,Iron Wheels Systems,3029003,1566,6/14/24
54100,Iron Motion Group,3045824,339.46,6/15/24
54108,Trail Spokes Corp,3130500,329.2,6/15/24
54111,Crimson Trails Corp,3134246,521.3,6/15/24
54130,Rugged Adventure Inc,3166888,278.33,6/16/24
54144,Iron Motion Inc,3205973,828,6/17/24
54156,Crimson Spokes Works,3024987,886.8,6/18/24
54159,Swift Spokes Group,3217982,1335.6,6/18/24
54164,Canyon Riders Group,3242140,662.33,6/18/24
54179,Urban Trails LLC,3263137,1507.2,6/19/24
54181,Velvet Gear Studio,3322902,89,6/19/24
54182,Swift Peaks Inc,3333525,205.17,6/19/24
54184,Wild Adventure Group,3336530,688.75,6/19/24
54189,Crimson Spokes Works,3024987,886.8,6/20/24
54193,Trail Peaks Studio,3337304,581.35,6/20/24
54197,Urban Gear Corp,3345635,1023.6,6/20/24
54200,Swift Motion Outdoors,3362851,265.51,6/20/24
54204,Swift Spokes Systems,1144409,87.8,6/21/24
54213,Summit Motion Corp,3382959,429.01,6/21/24
54224,Canyon Spokes Works,1811506,222.42,6/22/24
54244,Canyon Motion LLC,3413366,422.56,6/23/24
54257,Wild Spokes Systems,2294806,400.78,6/24/24
54258,Trail Motion Co,3424254,243.57,6/24/24
54259,Iron Riders LLC,2364374,250.51,6/24/24
54260,Wild Spokes Systems,2294806,0,6/24/24
54262,Urban Gear Collective,3442305,786.6,6/24/24
54263,Crimson Trails Outdoors,3453994,984,6/24/24
54264,Summit Cycles Works,3493113,292.47,6/24/24
54279,Iron Adventure Outdoors,3494987,2511,6/25/24
54280,Canyon Adventure Corp,2257403,231.34,6/25/24
54281,Swift Outfitters Works,3501288,957.74,6/25/24
54284,Trail Motion Group,1163295,357.61,6/25/24
54285,Iron Motion Corp,2546736,0,6/25/24
54298,Swift Gear Group,3621923,284.43,6/26/24
54303,Iron Trails Corp,3627968,625.55,6/26/24
54304,Swift Cycles Outdoors,3629485,765,6/26/24
54308,Wild Wheels Inc,3649845,2242.8,6/26/24
54309,Swift Spokes Systems,1144409,207,6/26/24
54310,Iron Motion Studio,3655951,633.49,6/26/24
54312,Trail Peaks Inc,1950283,507.61,6/26/24
54314,Iron Wheels Outdoors,3665038,172.2,6/26/24
54319,Iron Spokes Outdoors,3721200,257.22,6/26/24
54325,Crimson Spokes Co,3798001,120.2,6/27/24
54327,Wild Cycles Works,3806337,331.17,6/27/24
54328,Velvet Outfitters LLC,3814247,1184.43,6/27/24
54329,Dicks Sporting Good,3825890,6007.08,6/27/24
54330,Iron Gear Group,3837747,434.15,6/27/24
54331,Crimson Peaks Outdoors,3844154,260.02,6/27/24
54335,Summit Spokes LLC,3850328,736.17,6/27/24
54340,Swift Wheels Systems,1354732,120.2,6/27/24
54350,Trail Wheels Group,3884476,145.4,6/28/24
54353,Iron Adventure Outdoors,3494987,2535.75,6/28/24
54354,Summit Riders Studio,3902976,1146.6,6/28/24
54357,Summit Peaks Co,3914228,531.02,6/28/24
54359,Iron Spokes Collective,3915308,165.42,6/28/24
54361,Summit Wheels LLC,2116369,128.4,6/28/24
54369,Wild Peaks Group,3918474,331.27,6/29/24
54375,Summit Trails LLC,3925454,323.62,6/29/24
54376,Urban Cycles Corp,3926657,309.07,6/29/24
54381,Wild Motion Inc,1770232,1490.4,6/29/24
54404,Trail Motion Inc,3966357,1563,7/1/24
54413,Trail Cycles Group,2230965,168.57,7/1/24
54417,Rugged Adventure Works,3979459,818.4,7/1/24
54426,Iron Riders Corp,4004588,757.8,7/2/24
54427,Iron Motion Inc,3205973,547.91,7/2/24
54432,Wild Spokes Systems,2294806,209.97,7/2/24
54433,Swift Motion Works,4005760,167.18,7/2/24
54434,Summit Motion Studio,2514947,1808.4,7/2/24
54440,Canyon Cycles LLC,1200842,2556,7/2/24
54443,Rugged Cycles LLC,4013624,165.57,7/3/24
54446,Swift Motion Outdoors,3362851,218.78,7/3/24
54451,Rugged Riders Corp,4072766,693.35,7/4/24
54460,Swift Motion Corp,4092995,400.66,7/4/24
54462,Urban Cycles Works,4106322,540.73,7/4/24
54471,Iron Trails Group,4115008,600.71,7/5/24
54476,Iron Outfitters Collective,4120635,368.82,7/6/24
54503,Canyon Wheels Works,4123035,433.86,7/8/24
54504,Trail Cycles Co,4137454,964.68,7/8/24
54511,Urban Cycles Group,4148172,1267.2,7/8/24
54521,Iron Riders Studio,2689111,413.38,7/9/24
54522,Crimson Wheels Corp,4186470,87.8,7/9/24
54524,Trail Spokes Studio,4211778,87.8,7/9/24
54528,Summit Wheels Group,4221461,432.45,7/9/24
54529,Iron Adventure Collective,2812637,2011.2,7/9/24
54530,Crimson Wheels Collective,2956409,303,7/9/24
54531,Urban Motion Systems,1121659,594.71,7/9/24
54538,Canyon Cycles LLC,1200842,1656,7/9/24
54544,Rugged Trails Co,4246697,372.06,7/10/24
54548,Swift Gear Inc,4258550,360.06,7/10/24
54549,Wild Spokes LLC,4265321,311.46,7/10/24
54550,Rugged Riders Group,4282092,314.26,7/10/24
54551,Canyon Wheels LLC,4282889,351.6,7/10/24
54553,Urban Wheels Outdoors,4310390,584.97,7/10/24
54563,Urban Adventure Corp,1128931,1612.8,7/11/24
54564,Urban Gear Systems,4342968,387.56,7/11/24
54566,Velvet Motion Outdoors,4344980,854.4,7/11/24
54697,Iron Outfitters LLC,4355571,527.31,7/12/24
54700,Summit Adventure Group,4367417,226.17,7/12/24
54732,Summit Riders Corp,2408467,229.62,7/13/24
54733,Canyon Outfitters Collective,4388007,766.8,7/13/24
54737,Swift Wheels Systems,1354732,140.6,7/13/24
54763,Urban Spokes Works,4394248,2171.6,7/14/24
54764,Canyon Cycles LLC,1200842,735.75,7/14/24
54775,Summit Motion Studio,2514947,185.97,7/15/24
54777,Trail Riders Group,1652483,464.34,7/15/24
54779,Wild Gear Systems,4401290,273.38,7/15/24
54786,Rugged Outfitters Collective,2277258,425.15,7/15/24
54787,Iron Wheels Outdoors,3665038,230.4,7/15/24
54798,Wild Spokes Systems,2294806,477.5,7/16/24
54810,Crimson Spokes Group,4406221,1357.6,7/16/24
54811,Crimson Riders Studio,4453945,236.72,7/16/24
54840,Wild Trails Group,1248479,206.97,7/17/24
54841,Urban Spokes Systems,4483475,612.71,7/17/24
54845,Rugged Peaks Works,4497611,188.48,7/17/24
54853,Rugged Spokes Corp,4500563,5248.73,7/18/24
54855,Wild Wheels Systems,4519309,540.75,7/18/24
54856,Velvet Outfitters Outdoors,4528963,1237.19,7/18/24
54857,Canyon Cycles Co,4563934,356.45,7/18/24
54861,Iron Motion Corp,2546736,921.6,7/18/24
54862,Iron Motion Corp,2546736,2764.8,7/18/24
54870,Iron Motion Corp,2546736,2304,7/18/24
54871,Iron Motion Corp,2546736,1152,7/18/24
54879,Canyon Cycles LLC,1200842,751.2,7/18/24
54885,Summit Outfitters Group,4574224,5234.3,7/19/24
54890,Trail Spokes Studio,4211778,87.8,7/19/24
54892,Rugged Motion Outdoors,1056050,226.77,7/19/24
54893,Velvet Spokes Outdoors,4590236,534.59,7/19/24
54899,Canyon Gear Studio,4615270,290.97,7/20/24
54902,Swift Peaks Group,4617465,798,7/20/24
54910,Urban Cycles LLC,4628342,190.57,7/21/24
54917,Canyon Adventure Inc,4657154,753.6,7/21/24
54932,Swift Riders Corp,2999334,431.46,7/22/24
54936,Rugged Adventure Corp,4667583,159.6,7/22/24
54937,Wild Cycles Group,4678074,413.46,7/22/24
54947,Swift Trails Outdoors,4693433,139.4,7/22/24
54964,Trail Motion Systems,4753113,518.34,7/23/24
54971,Urban Motion Studio,1168169,200.44,7/23/24
54972,Wild Adventure Inc,4766501,648.25,7/23/24
54973,Iron Wheels Corp,4768121,1108.2,7/23/24
54974,Velvet Gear Corp,4771134,372.06,7/23/24
54975,Iron Adventure Group,4779040,332.13,7/23/24
54985,Wild Riders Collective,4788477,10209.6,7/24/24
54990,Velvet Peaks Studio,4795897,286.84,7/24/24
54994,Canyon Cycles Systems,4798612,561.95,7/24/24
54995,Wild Riders Studio,2747054,604.88,7/24/24
55010,Summit Adventure Works,4832370,220.17,7/25/24
55012,Iron Gear Systems,4868331,3939.49,7/25/24
55016,Iron Adventure Collective,2812637,5901.6,7/25/24
55018,Canyon Riders Co,4900249,418.21,7/25/24
55021,Velvet Motion Group,4927799,364.73,7/25/24
55033,Urban Motion LLC,1834662,278.44,7/26/24
55043,Canyon Trails Collective,4951166,266.17,7/27/24
55049,Velvet Motion Group,4927799,164.22,7/27/24
55050,Summit Spokes LLC,3850328,768,7/27/24
55052,Canyon Motion Inc,4990571,575.38,7/27/24
55060,Velvet Outfitters Systems,5018193,252.91,7/27/24
55064,Summit Wheels Inc,5024219,2140.8,7/28/24
55075,Crimson Riders Collective,5024603,714.24,7/29/24
55076,Urban Gear Collective,3442305,2586,7/29/24
55078,Crimson Peaks Group,5057364,101,7/29/24
55079,Urban Adventure Corp,1128931,471.9,7/29/24
55080,Rugged Adventure Group,1586717,586.55,7/29/24
55081,Swift Adventure Outdoors,5057515,161.97,7/29/24
55082,Iron Wheels Corp,4768121,933.6,7/29/24
55083,Summit Outfitters Studio,2301777,1534.8,7/29/24
55084,Canyon Adventure Studio,5062961,396.04,7/29/24
55085,Iron Spokes Outdoors,3721200,454.81,7/29/24
55086,Rugged Peaks Works,4497611,4.1,7/29/24
55090,Canyon Spokes Works,1811506,382.81,7/29/24
55093,Urban Adventure Group,5087978,2726.4,7/30/24
55095,Summit Motion Studio,2514947,344.37,7/30/24
55097,Canyon Adventure Corp,2257403,259.94,7/30/24
55098,Crimson Riders Co,2250794,602.28,7/30/24
55099,Wild Motion Inc,1770232,3758.4,7/30/24
55101,Swift Cycles LLC,5092084,377.38,7/30/24
55103,Iron Cycles Collective,2743926,319.86,7/30/24
55104,Rugged Adventure Inc,3166888,335.98,7/30/24
55105,Iron Trails Outdoors,1317818,210.86,7/30/24
55108,Summit Peaks Group,5095876,3944.7,7/30/24
55109,Urban Wheels Co,5116163,237.17,7/30/24
55111,Wild Spokes Systems,2294806,104,7/30/24
55121,Canyon Wheels Group,5142132,620.93,7/30/24
55161,Trail Cycles Inc,2816943,120.92,7/30/24
55184,Wild Motion Outdoors,1219441,3103.14,7/31/24
55226,Velvet Gear Group,1237289,847.39,7/31/24
55230,Urban Trails LLC,3263137,394.6,7/31/24
55246,Trail Spokes Co,5148022,272.17,7/31/24
55272,Iron Motion Inc,3205973,471.66,7/31/24
55274,Summit Wheels Inc,5024219,451.2,7/31/24
55319,Rugged Cycles Inc,5158369,539.38,8/1/24
55332,Urban Spokes Co,5211095,127.4,8/1/24
55334,Urban Spokes Co,5211095,642.58,8/1/24
55335,Summit Adventure Collective,1668942,377.98,8/1/24
55338,Urban Outfitters Systems,5222072,826.8,8/1/24
55346,Summit Adventure LLC,5238296,430.2,8/1/24
55364,Summit Outfitters Group,4574224,7640.23,8/2/24
55371,Iron Motion Group,3045824,499.78,8/2/24
55384,Crimson Spokes Corp,5246353,185,8/2/24
55385,Summit Wheels Outdoors,5309180,622.18,8/2/24
55390,Trail Gear Co,5326624,243.46,8/2/24
55447,Canyon Cycles LLC,1200842,828,8/4/24
55454,Swift Gear Collective,5357878,838.8,8/5/24
55455,Trail Wheels Inc,5369153,178.4,8/5/24
55459,Wild Outfitters Group,1159124,721.68,8/5/24
55464,Crimson Spokes Studio,5432235,768,8/5/24
55465,Crimson Spokes Studio,5432235,471.86,8/5/24
55488,Summit Wheels Inc,5024219,70.8,8/6/24
55514,Summit Cycles LLC,5450462,221.12,8/6/24
55528,Urban Peaks Inc,1255019,354.71,8/6/24
55534,Crimson Wheels Collective,2956409,228.24,8/6/24
55538,Trail Cycles LLC,5455306,619.88,8/6/24
55577,Crimson Spokes Group,4406221,0,8/7/24
55585,Trail Adventure Corp,5482648,344.38,8/7/24
55594,Canyon Cycles LLC,1200842,95,8/7/24
55598,Canyon Cycles LLC,1200842,993.6,8/7/24
55605,Iron Adventure Collective,2812637,2743.2,8/8/24
55606,Swift Outfitters Works,3501288,1391.37,8/8/24
55607,Iron Spokes Systems,5485681,2356.76,8/8/24
55615,Canyon Trails Collective,4951166,400.01,8/8/24
55618,Rugged Peaks Works,4497611,237.98,8/8/24
55628,Velvet Outfitters Group,5499827,720.45,8/8/24
55642,Urban Peaks Outdoors,5565446,459.64,8/9/24
55644,Rugged Motion Corp,2050453,655.33,8/9/24
55645,Urban Spokes Systems,4483475,185,8/9/24
55646,Canyon Gear Studio,4615270,296.97,8/9/24
55650,Swift Trails LLC,2558399,735.85,8/9/24
55654,Rugged Cycles Studio,5568360,265.94,8/9/24
55655,Iron Riders LLC,2364374,461.46,8/9/24
55664,Crimson Spokes Studio,5432235,23,8/9/24
55666,Crimson Gear Co,5605278,485.71,8/9/24
55700,Rugged Cycles Systems,5628048,390.87,8/11/24
55718,Rugged Cycles LLC,4013624,139.4,8/12/24
55721,Urban Spokes Co,5211095,612.58,8/12/24
55723,Crimson Trails Outdoors,3453994,23,8/12/24
55726,Velvet Spokes LLC,5631924,1018.36,8/12/24
55740,Iron Wheels Outdoors,3665038,165.6,8/12/24
55743,Velvet Cycles Group,5639393,435.11,8/12/24
55761,Velvet Outfitters Co,5658132,705.88,8/13/24
55762,Trail Motion Group,1163295,731.71,8/13/24
55770,Summit Wheels Inc,5024219,295.18,8/14/24
55773,Velvet Peaks Inc,5672217,81.8,8/14/24
55774,Velvet Trails Systems,1946734,500.22,8/14/24
55775,Trail Spokes Outdoors,5701159,484.02,8/14/24
55777,Swift Outfitters Works,3501288,1601.62,8/14/24
55778,Urban Spokes LLC,5702115,322.52,8/14/24
55781,Canyon Outfitters Outdoors,5708442,289.77,8/14/24
55791,Swift Outfitters Outdoors,1465820,813,8/15/24
55792,Canyon Adventure Collective,1012679,635.83,8/15/24
55793,Canyon Wheels Outdoors,1783522,4245.51,8/15/24
55797,Summit Peaks Group,5095876,3173.53,8/15/24
55798,Summit Adventure Systems,5721928,656.52,8/15/24
55808,Summit Adventure Systems,5721928,0,8/15/24
55835,Crimson Peaks LLC,5755565,676.51,8/16/24
55850,Trail Peaks Studio,3337304,764.4,8/17/24
55885,Wild Riders Co,5759274,377.4,8/19/24
55888,Velvet Gear Studio,3322902,272.57,8/19/24
55890,Iron Trails Outdoors,1317818,197,8/19/24
55891,Velvet Adventure Corp,5784795,804,8/19/24
55892,Urban Adventure Corp,1128931,1051.8,8/19/24
55893,Summit Outfitters Studio,2301777,204.2,8/19/24
55897,Rugged Trails Systems,1251423,652.59,8/20/24
55898,Canyon Cycles LLC,1200842,2215.8,8/20/24
55899,Urban Motion Studio,1168169,279.54,8/20/24
55900,Velvet Outfitters LLC,3814247,997.2,8/20/24
55901,Summit Wheels Works,5797524,161.6,8/20/24
55902,Canyon Peaks Collective,5802054,888,8/20/24
55906,Swift Spokes Group,3217982,1372.8,8/20/24
55911,Wild Spokes Systems,2294806,189.8,8/20/24
55912,Summit Gear Works,5820429,572.34,8/20/24
55916,Trail Motion Group,1163295,880.8,8/20/24
55917,Urban Gear Systems,4342968,413.54,8/20/24
55918,Canyon Peaks Systems,1504315,84.2,8/20/24
55921,Trail Adventure Co,5879662,295.46,8/20/24
55928,Rugged Trails Corp,5885479,787.83,8/21/24
55931,Canyon Motion Collective,1398957,424.89,8/21/24
55933,Velvet Riders Corp,5887622,1189.2,8/21/24
55935,Canyon Motion Works,5916738,1194,8/21/24
55936,Crimson Spokes LLC,5967590,240.17,8/21/24
55941,Urban Outfitters LLC,5992954,328.52,8/21/24
55953,Iron Wheels Outdoors,3665038,176.4,8/22/24
55955,Urban Riders Collective,6019775,854.4,8/22/24
55956,Crimson Cycles Systems,6021040,354,8/22/24
55957,Urban Riders Collective,6019775,141.6,8/22/24
55963,Wild Riders Inc,6035512,155,8/22/24
55964,Crimson Wheels Co,2134801,912,8/22/24
55973,Trail Cycles Outdoors,6050203,633.6,8/23/24
55976,Velvet Gear Outdoors,6068287,374.66,8/23/24
55981,Trail Cycles LLC,5455306,285.61,8/23/24
55982,Summit Spokes Outdoors,2429294,262.17,8/23/24
55983,Trail Motion Collective,6089902,336.54,8/23/24
55996,Urban Spokes Systems,4483475,425.51,8/24/24
56019,Iron Adventure Group,4779040,293.13,8/25/24
56021,Rugged Adventure Inc,3166888,105.2,8/25/24
56030,Swift Outfitters Outdoors,1465820,717.47,8/26/24
56034,Iron Riders Group,6102831,377.36,8/26/24
56037,Canyon Riders Group,3242140,701.89,8/26/24
56041,Iron Trails Group,4115008,371.11,8/26/24
56045,Wild Motion Works,2798166,463.69,8/26/24
56048,Summit Wheels Co,6138206,243.98,8/26/24
56058,Crimson Cycles Co,6139781,468.74,8/27/24
56066,Rugged Trails Co,4246697,316.09,8/28/24
56070,Canyon Riders LLC,6144882,115.4,8/28/24
56078,Rugged Riders Inc,6158119,465.38,8/29/24
56086,Urban Riders LLC,6196147,654.68,8/29/24
56093,Urban Motion Studio,1168169,203,8/30/24
56099,Trail Motion Inc,3966357,325.02,8/30/24
56101,Swift Spokes Corp,6201343,442.97,8/30/24
56102,Crimson Riders Co,2250794,276.98,8/30/24
56104,Urban Peaks Inc,1255019,164.6,8/30/24
56151,Crimson Trails Outdoors,3453994,515.89,9/2/24
56156,Iron Wheels Corp,4768121,1168.8,9/2/24
56157,Velvet Motion Studio,6208076,425.04,9/2/24
56164,Canyon Cycles LLC,1200842,2032.8,9/3/24
56165,Swift Adventure Corp,6216422,995.19,9/3/24
56167,Wild Motion Outdoors,1219441,3548.03,9/3/24
56168,Summit Wheels Collective,6237631,255.49,9/3/24
56170,Summit Adventure Collective,1668942,438.49,9/3/24
56171,Summit Adventure Collective,1668942,120.2,9/3/24
56172,Wild Trails Works,1545793,545.89,9/3/24
56174,Wild Spokes LLC,4265321,292.26,9/3/24
56176,Wild Trails Works,1545793,0,9/3/24
56181,Rugged Adventure Corp,4667583,124.2,9/3/24
56182,Rugged Riders Inc,6158119,609.76,9/3/24
56183,Summit Motion Studio,2514947,115.2,9/3/24
56184,Trail Outfitters Group,6258094,214.77,9/3/24
56192,Trail Adventure LLC,6294552,512.89,9/4/24
56193,Crimson Spokes Works,3024987,969.6,9/4/24
56194,Urban Riders Corp,6295430,336.26,9/4/24
56200,Summit Outfitters Works,6297555,583.69,9/4/24
56203,Swift Riders Corp,2999334,828,9/4/24
56213,Velvet Adventure Outdoors,6314419,663.31,9/4/24
56216,Trail Peaks Co,6322574,243.98,9/4/24
56219,Crimson Spokes Works,3024987,904.2,9/5/24
56220,Crimson Spokes Works,3024987,780,9/5/24
56221,Urban Wheels Inc,6326535,328.97,9/5/24
56223,Swift Outfitters Works,3501288,2628.91,9/5/24
56224,Swift Motion Studio,6356332,720.68,9/5/24
56228,Crimson Motion Systems,6393140,364.26,9/5/24
56229,Summit Wheels Group,4221461,446.06,9/5/24
56240,Urban Spokes Co,5211095,380.29,9/6/24
56246,Iron Wheels Systems,3029003,715.88,9/6/24
56263,Urban Adventure Outdoors,6423305,804,9/7/24
56281,Rugged Riders Corp,4072766,442.46,9/8/24
56287,Trail Cycles Group,2230965,765.6,9/9/24
56290,Velvet Adventure LLC,6425264,886.8,9/9/24
56291,Rugged Cycles Inc,5158369,886.2,9/9/24
56292,Iron Gear Group,3837747,97.4,9/9/24
56297,Velvet Outfitters Co,5658132,590.27,9/9/24
56303,Velvet Gear Group,1237289,718.79,9/10/24
56311,Summit Motion LLC,2276959,1415.4,9/10/24
56314,Summit Motion Systems,2404243,667.16,9/10/24
56319,Velvet Outfitters Group,5499827,742.44,9/10/24
56325,Wild Wheels Systems,4519309,583.8,9/10/24
56328,Trail Adventure Inc,6486894,419.46,9/11/24
56346,Crimson Outfitters Inc,6507295,592.09,9/12/24
56356,Iron Riders LLC,2364374,293.96,9/13/24
56359,Canyon Gear Outdoors,6509407,1402.85,9/13/24
56363,Rugged Trails Collective,6519236,290.66,9/13/24
56365,Swift Outfitters Co,6527398,448.51,9/13/24
56366,Wild Gear Systems,4401290,215.18,9/13/24
56378,Urban Motion LLC,1834662,341.93,9/14/24
56401,Trail Outfitters Group,6258094,95,9/16/24
56410,Canyon Wheels Works,4123035,433.86,9/16/24
56412,Wild Spokes Systems,2294806,591,9/16/24
56413,Wild Outfitters Systems,6553638,2142.86,9/16/24
56414,Swift Riders Outdoors,6596531,828,9/16/24
56415,Wild Motion Corp,6603782,477.16,9/16/24
56416,Swift Peaks Collective,6607053,400.26,9/16/24
56419,Swift Spokes Works,6619704,718.51,9/16/24
56430,Swift Spokes Group,3217982,161,9/17/24
56432,Crimson Riders Studio,4453945,437.41,9/17/24
56434,Crimson Gear LLC,6697675,177.8,9/17/24
56437,Swift Outfitters Outdoors,1465820,502.05,9/17/24
56443,Canyon Cycles LLC,1200842,2406.6,9/17/24
56448,Rugged Adventure Works,3979459,519.77,9/18/24
56449,Trail Spokes Co,5148022,293.97,9/18/24
56451,Canyon Motion Systems,1668040,332.46,9/18/24
56452,Urban Spokes Systems,4483475,412.86,9/18/24
56454,Wild Peaks Systems,6735430,167.6,9/18/24
56455,Wild Peaks Systems,6735430,167.6,9/18/24
56457,Iron Adventure Collective,2812637,1396.8,9/18/24
56458,Swift Outfitters Outdoors,1465820,477.45,9/18/24
56472,Trail Outfitters Outdoors,6748478,498.01,9/19/24
56473,Crimson Trails Works,6798693,573.4,9/19/24
56476,Swift Motion Works,4005760,123.2,9/19/24
56480,Rugged Adventure Inc,3166888,299.25,9/19/24
56482,Trail Peaks Group,6816636,141.2,9/20/24
56484,Iron Outfitters Group,6842176,224.19,9/20/24
56487,Urban Motion Systems,1121659,750.6,9/20/24
56488,Iron Peaks Studio,6895695,139.4,9/20/24
56491,Urban Peaks Inc,1255019,385.86,9/20/24
56496,Rugged Spokes Corp,4500563,3624.67,9/21/24
56513,Swift Riders Works,2178548,472.96,9/22/24
56527,Wild Motion Outdoors,1219441,1490.57,9/23/24
56531,Swift Peaks Inc,3333525,498.45,9/23/24
56534,Summit Motion Studio,2514947,341.2,9/23/24
56535,Summit Wheels Outdoors,5309180,394.65,9/23/24
56540,Trail Motion Co,3424254,367.65,9/23/24
56541,Urban Peaks LLC,6943408,198.8,9/23/24
56547,Iron Wheels Corp,4768121,946.2,9/24/24
56548,Summit Spokes Group,7019170,3486,9/24/24
56550,Summit Wheels Group,4221461,156.2,9/24/24
56552,Summit Spokes Group,7019170,680.57,9/24/24
56553,Trail Trails Works,7024334,780,9/24/24
56561,Crimson Peaks Outdoors,3844154,722.57,9/25/24
56570,Velvet Outfitters Group,5499827,729.08,9/25/24
56573,Swift Outfitters Outdoors,1465820,262.65,9/26/24
56574,Swift Outfitters Outdoors,1465820,346.65,9/26/24
56575,Swift Outfitters Outdoors,1465820,370.65,9/26/24
56577,Wild Peaks Collective,2285273,259.8,9/26/24
56578,Urban Cycles Corp,3926657,200,9/26/24
56579,Urban Gear Collective,3442305,1865.4,9/26/24
56587,Iron Motion Collective,7038971,242.72,9/27/24
56589,Trail Cycles Inc,2816943,123.2,9/27/24
56607,Canyon Adventure Inc,4657154,365.66,9/29/24
56622,Summit Adventure Collective,1668942,677.85,9/30/24
56630,Summit Gear Studio,7046175,175.77,9/30/24
56631,Summit Adventure LLC,5238296,287.13,9/30/24
56632,Velvet Peaks Corp,7077625,231.57,9/30/24
56633,Urban Peaks Systems,7103440,170.6,9/30/24
56634,Wild Adventure Group,3336530,261.66,9/30/24
56641,Trail Peaks Group,6816636,81.8,10/1/24
56642,Rugged Outfitters Group,7139668,282.12,10/1/24
56643,Summit Cycles Co,7151866,371.25,10/1/24
56648,Wild Trails Outdoors,7179192,267.74,10/1/24
56662,Trail Spokes Corp,3130500,392.97,10/1/24
56666,Crimson Trails Co,3020084,6377.22,10/2/24
56667,Crimson Outfitters Group,7216375,400.8,10/2/24
56672,Crimson Cycles Systems,6021040,271.2,10/2/24
56674,Wild Peaks Collective,2285273,1118.4,10/2/24
56682,Canyon Gear Corp,7219867,638.61,10/3/24
56684,Wild Outfitters Works,7286999,415.21,10/3/24
56685,Velvet Adventure Co,7293528,142.4,10/3/24
56687,Swift Trails Systems,7299539,264.33,10/4/24
56690,Canyon Spokes Works,1811506,225.26,10/4/24
56691,Velvet Motion Group,4927799,443.04,10/4/24
56694,Trail Cycles Co,4137454,2154.09,10/4/24
56699,Canyon Cycles LLC,1200842,1536,10/5/24
56703,Summit Cycles Corp,7306554,391.51,10/5/24
56728,Urban Gear Collective,3442305,621,10/7/24
56729,Swift Cycles LLC,5092084,689.24,10/7/24
56731,Iron Motion Corp,2546736,3384,10/7/24
56732,Summit Motion Outdoors,7313950,759.6,10/7/24
56737,Summit Peaks Collective,7331609,101,10/8/24
56738,Wild Riders Co,5759274,160.8,10/8/24
56740,Velvet Wheels Co,7356055,320.37,10/8/24
56741,Iron Trails Outdoors,1317818,424.21,10/8/24
56750,Crimson Wheels Outdoors,2888243,1559.9,10/8/24
56759,Iron Adventure Collective,2812637,6307.2,10/9/24
56777,Swift Outfitters Works,3501288,954.33,10/10/24
56779,Velvet Spokes Systems,7360873,5377.87,10/10/24
56782,Summit Cycles Works,3493113,194,10/10/24
56787,Urban Adventure Corp,1128931,714.95,10/10/24
56794,Trail Peaks Group,6816636,62.6,10/11/24
56801,Iron Wheels Outdoors,3665038,168.6,10/11/24
56803,Wild Peaks LLC,7390413,200,10/11/24
56811,Summit Riders Corp,2408467,419.4,10/12/24
56812,Summit Trails Inc,7414248,446.46,10/12/24
56877,Velvet Peaks Studio,4795897,482.85,10/15/24
56880,Summit Wheels Systems,7447489,296.26,10/15/24
56898,Wild Outfitters Group,1159124,487.64,10/16/24
56900,Iron Adventure Collective,2812637,8244,10/16/24
56903,Rugged Gear Inc,7479262,547.17,10/16/24
56908,Crimson Wheels Collective,2956409,171.8,10/16/24
56909,Wild Spokes Co,7525637,574.6,10/16/24
56912,Rugged Gear Inc,7479262,0,10/16/24
56918,Canyon Peaks Co,7550867,366.66,10/16/24
56921,Trail Outfitters Group,6258094,128,10/17/24
56924,Canyon Motion Studio,1675396,1794.6,10/17/24
56925,Summit Motion Studio,2514947,147.8,10/17/24
56928,Summit Trails Works,7578743,921.6,10/17/24
56929,Trail Gear Inc,2783242,537.35,10/17/24
56930,Summit Trails Works,7578743,203,10/17/24
56931,Urban Riders LLC,6196147,279.26,10/17/24
56934,Trail Adventure Outdoors,7598542,529.2,10/17/24
56945,Canyon Gear Studio,4615270,344.13,10/18/24
56948,Iron Gear Studio,7599104,101,10/18/24
56949,Canyon Cycles Outdoors,7607899,239.72,10/18/24
56959,Wild Trails Group,1248479,325.24,10/19/24
56961,Summit Spokes LLC,3850328,768,10/19/24
56971,Canyon Cycles Works,7635866,158.6,10/19/24
56974,Rugged Cycles Group,7666248,421.51,10/19/24
56984,Wild Riders Group,7672579,299.12,10/20/24
56993,Wild Wheels Studio,7677898,541.53,10/21/24
56999,Crimson Trails Outdoors,3453994,619.09,10/21/24
57000,Wild Motion Works,2798166,388.69,10/21/24
57005,Trail Gear Group,7689607,509.36,10/22/24
57008,Wild Peaks Systems,6735430,194,10/22/24
57013,Canyon Peaks Collective,5802054,182.6,10/22/24
57017,Trail Cycles LLC,5455306,248.27,10/22/24
57033,Wild Peaks Systems,6735430,237.98,10/23/24
57065,Urban Spokes Collective,2758156,745.46,10/23/24
57277,Urban Cycles Co,2227416,314.52,10/24/24
57297,Crimson Wheels Collective,2956409,65.6,10/24/24
57327,Crimson Peaks LLC,5755565,409.31,10/25/24
57331,Iron Wheels Corp,4768121,1459.8,10/25/24
57339,Iron Motion Inc,3205973,781.2,10/25/24
57365,Trail Peaks Studio,3337304,306.06,10/26/24
57401,Iron Riders LLC,2364374,434.21,10/28/24
57412,Wild Motion Corp,6603782,322.14,10/28/24
57431,Rugged Cycles Studio,5568360,448.17,10/29/24
57438,Summit Spokes Group,7019170,721.85,10/29/24
57440,Summit Motion Corp,3382959,311.6,10/29/24
57448,Trail Peaks Corp,7703740,309.45,10/30/24
57449,Canyon Adventure Systems,7706709,803.42,10/30/24
57453,Wild Spokes Studio,7719810,1570.8,10/30/24
57455,Urban Wheels Outdoors,4310390,177.8,10/30/24
57458,Urban Motion Group,7748867,1604.94,10/30/24
57459,Wild Peaks Co,7750477,266.16,10/30/24
57463,Summit Riders Studio,3902976,1968.6,10/30/24
57464,Urban Spokes Systems,4483475,405.36,10/30/24
57476,Summit Motion Corp,3382959,306.4,10/31/24
57500,Wild Riders Inc,6035512,558.06,11/1/24
57506,Rugged Cycles LLC,4013624,324.24,11/2/24
57508,Trail Adventure Corp,5482648,4.4,11/2/24
57510,Rugged Riders Corp,4072766,469.25,11/2/24
57514,Urban Motion Systems,1121659,652.01,11/2/24
57518,Summit Peaks Group,5095876,3795.21,11/3/24
57549,Rugged Adventure Corp,4667583,159.6,11/4/24
57553,Rugged Peaks Works,4497611,182,11/4/24
57556,Iron Gear Group,3837747,115.4,11/4/24
57565,Trail Wheels Group,3884476,548.24,11/5/24
57567,Iron Wheels Systems,3029003,372.96,11/5/24
57568,Wild Spokes Systems,2294806,219.67,11/5/24
57569,Summit Wheels Corp,7751069,463.23,11/5/24
57573,Iron Wheels Group,7766840,1273.75,11/6/24
57574,Iron Adventure Co,7767246,164,11/6/24
57575,Rugged Trails Group,7782393,141.8,11/6/24
57577,Canyon Spokes Group,7783985,515.8,11/6/24
57578,Summit Wheels Studio,7804802,736.14,11/6/24
57579,Canyon Spokes Group,7783985,54,11/6/24
57580,Iron Adventure Group,4779040,356.97,11/6/24
57582,Summit Adventure Outdoors,1923765,303.45,11/6/24
57585,Urban Motion Group,7748867,1006.86,11/7/24
57586,Wild Motion Outdoors,1219441,4376.54,11/7/24
57587,Velvet Outfitters LLC,3814247,1868.96,11/7/24
57590,Urban Riders LLC,6196147,375.65,11/7/24
57591,Swift Riders Outdoors,6596531,1197,11/7/24
57597,Iron Wheels Outdoors,3665038,218.88,11/7/24
57598,Urban Trails LLC,3263137,1718.4,11/7/24
57599,Urban Cycles Systems,2797334,816,11/7/24
57601,Iron Motion Corp,2546736,2428.8,11/7/24
57614,Canyon Peaks Works,1402143,344.4,11/8/24
57619,Velvet Trails Systems,1946734,453.52,11/9/24
57620,Wild Peaks LLC,7390413,133.4,11/9/24
57622,Iron Outfitters Collective,4120635,715.11,11/9/24
57624,Velvet Motion Group,4927799,174.2,11/9/24
57632,Velvet Adventure Corp,5784795,648.08,11/10/24
57633,Velvet Outfitters Group,5499827,762.05,11/10/24
57639,Velvet Outfitters Corp,2407581,1309.02,11/11/24
57640,Summit Trails Studio,7824616,410.94,11/11/24
57641,Trail Cycles Group,2230965,129.8,11/11/24
57643,Iron Adventure Studio,7838108,298.14,11/11/24
57649,Trail Motion Co,3424254,126.2,11/12/24
57652,Velvet Gear Group,1237289,801.21,11/12/24
57653,Swift Gear Group,3621923,278.25,11/12/24
57654,Iron Wheels Studio,7853612,194.6,11/12/24
57655,Swift Outfitters Works,3501288,955.06,11/12/24
57657,Wild Riders Co,5759274,310.56,11/12/24
57661,Wild Gear Systems,4401290,285.68,11/12/24
57662,Urban Trails Collective,2358152,800.46,11/13/24
57666,Iron Motion Inc,3205973,341.76,11/13/24
57669,Wild Motion Studio,1398859,558.13,11/13/24
57672,Iron Riders Outdoors,7878436,1775.83,11/14/24
57673,Wild Trails LLC,2469428,1285.8,11/14/24
57674,Canyon Adventure Corp,2257403,46.4,11/14/24
57678,Canyon Trails Collective,4951166,336.47,11/14/24
57680,Swift Wheels Works,1020349,212.16,11/14/24
57684,Urban Adventure Group,5087978,2456,11/14/24
57685,Rugged Spokes Corp,4500563,3218.1,11/14/24
57693,Wild Peaks Co,7750477,117.2,11/15/24
57698,Rugged Wheels Systems,2642940,255.07,11/16/24
57708,Swift Outfitters Group,7900435,197,11/17/24
57718,Crimson Trails Outdoors,3453994,77,11/18/24
57720,Iron Gear Group,3837747,0,11/18/24
57721,Wild Peaks Systems,6735430,111.2,11/18/24
57725,Iron Wheels Corp,4768121,1444.8,11/18/24
57726,Swift Spokes Group,3217982,1190.4,11/18/24
57727,Crimson Trails Works,6798693,113,11/18/24
57728,Summit Motion Corp,3382959,246.6,11/18/24
57729,Crimson Trails Works,6798693,0,11/18/24
57733,Rugged Gear Works,1053474,486.48,11/18/24
57735,Crimson Outfitters Corp,7924290,483.8,11/18/24
57739,Swift Adventure Corp,6216422,433.42,11/19/24
57740,Summit Peaks Studio,7925390,433.69,11/19/24
57741,Trail Peaks Collective,7941755,283.16,11/19/24
57742,Swift Spokes Corp,6201343,405.56,11/19/24
57743,Swift Spokes LLC,7957980,252.42,11/19/24
57745,Wild Riders Outdoors,7961194,345.71,11/19/24
57746,Trail Motion Systems,4753113,525.95,11/19/24
57747,Wild Spokes Systems,2294806,393.49,11/19/24
57750,Summit Cycles LLC,5450462,152.6,11/19/24
57754,Velvet Motion Studio,6208076,1137.6,11/19/24
57825,Crimson Gear Inc,2791000,87.79,11/20/24
57837,Rugged Trails Systems,1251423,722.83,11/20/24
57847,Trail Riders Co,7961815,1032.37,11/20/24
57848,Canyon Riders Co,4900249,241.76,11/20/24
57858,Wild Adventure Collective,7978888,104.35,11/20/24
57873,Urban Peaks Outdoors,5565446,326.25,11/20/24
57887,Urban Riders Co,7989952,463.76,11/20/24
57900,Trail Gear Works,8000851,172.78,11/20/24
57937,Trail Motion Group,1163295,921.6,11/21/24
57938,Trail Cycles Inc,2816943,173.96,11/21/24
57944,Canyon Motion Co,8024046,506.82,11/21/24
57962,Rugged Outfitters Collective,2277258,611.36,11/22/24
57963,Swift Gear Works,8036280,52.67,11/22/24
57977,Velvet Gear Group,1237289,586.01,11/23/24
57985,Canyon Outfitters LLC,8041003,199.02,11/24/24
57988,Trail Motion Group,1163295,220.08,11/25/24
57989,Trail Motion Group,1163295,238.08,11/25/24
57991,Swift Gear Systems,8060752,196.68,11/25/24
57993,Summit Trails Inc,7414248,486.48,11/25/24
57995,Urban Riders Collective,6019775,528.64,11/25/24
58009,Crimson Spokes Systems,8081978,341.82,11/26/24
58010,Wild Cycles Studio,8085728,141.14,11/26/24
58014,Velvet Trails Co,2410623,1414.42,11/26/24
58016,Summit Adventure Collective,1668942,394.02,11/27/24
58017,Summit Adventure Collective,1668942,586.02,11/27/24
58018,Urban Adventure Corp,1128931,698.38,11/27/24
58027,Urban Adventure Collective,8146656,771.24,11/27/24
58028,Summit Wheels Outdoors,5309180,356.82,11/27/24
58048,Rugged Riders Collective,8157537,277.16,11/29/24
58064,Velvet Wheels Corp,8157728,274.09,11/30/24
58076,Trail Adventure Outdoors,7598542,565.09,12/2/24
58080,Swift Outfitters Works,3501288,2937.55,12/2/24
58081,Summit Motion Studio,2514947,358.62,12/2/24
58085,Urban Cycles Corp,3926657,131.88,12/2/24
58086,Canyon Riders Co,4900249,89.96,12/2/24
58087,Iron Wheels Corp,4768121,1095,12/2/24
58093,Velvet Outfitters Group,5499827,1854.06,12/2/24
58096,Rugged Spokes Group,8267931,259.09,12/3/24
58097,Wild Spokes Systems,2294806,201.49,12/3/24
58105,Canyon Spokes Works,1811506,373.16,12/3/24
58106,Crimson Outfitters Systems,8282921,243.42,12/3/24
58107,Velvet Riders Collective,8329197,897.6,12/3/24
58113,Wild Motion Inc,1770232,993.6,12/4/24
58118,Trail Motion Co,3424254,176.82,12/4/24
58119,Summit Riders Studio,3902976,681.49,12/4/24
58121,Wild Spokes Systems,2294806,242.89,12/4/24
58122,Urban Gear Collective,3442305,2034,12/4/24
58134,Urban Gear Co,8341546,1304.59,12/5/24
58137,Summit Spokes Group,7019170,1242,12/5/24
58139,Crimson Peaks Co,2415119,339,12/5/24
58141,Swift Riders Group,1378543,293.72,12/5/24
58143,Urban Peaks Works,8358315,150.71,12/5/24
58152,Swift Riders Works,2178548,409.52,12/6/24
58153,Iron Peaks Studio,6895695,75.99,12/6/24
58162,Urban Cycles Studio,8379029,134.35,12/7/24
58163,Trail Cycles Inc,2816943,154.91,12/7/24
58164,Wild Riders Inc,6035512,228.56,12/7/24
58178,Canyon Motion Collective,1398957,172.22,12/8/24
58180,Iron Riders Systems,8381664,141.71,12/8/24
58190,Trail Motion Group,1163295,392.36,12/9/24
58191,Trail Outfitters Collective,8383081,428.4,12/9/24
58192,Trail Outfitters Collective,8383081,409.2,12/9/24
58193,Trail Outfitters Collective,8383081,227.4,12/9/24
58194,Trail Outfitters Collective,8383081,428.4,12/9/24
58195,Velvet Peaks Corp,7077625,224.89,12/9/24
58196,Summit Motion Corp,3382959,236.95,12/9/24
58198,Trail Outfitters Collective,8383081,428.4,12/9/24
58199,Trail Outfitters Collective,8383081,304.2,12/9/24
58200,Trail Outfitters Collective,8383081,227.4,12/9/24
58201,Trail Outfitters Collective,8383081,227.4,12/9/24
58202,Trail Outfitters Collective,8383081,227.4,12/9/24
58203,Trail Outfitters Collective,8383081,409.2,12/9/24
58204,Trail Outfitters Collective,8383081,285,12/9/24
58205,Trail Outfitters Collective,8383081,326.4,12/9/24
58206,Trail Outfitters Collective,8383081,326.4,12/9/24
58267,Swift Adventure Studio,8401008,214.99,12/10/24
58272,Swift Motion Studio,6356332,161.96,12/10/24
58276,Canyon Motion Outdoors,8401460,370.09,12/10/24
58277,Urban Peaks Inc,1255019,214.63,12/10/24
58281,Urban Adventure Group,5087978,332.8,12/10/24
58284,Wild Spokes Systems,2294806,143.89,12/10/24
58299,Urban Riders Group,8412307,239.63,12/11/24
58302,Summit Adventure Collective,1668942,0,12/11/24
58303,Canyon Wheels Works,4123035,849.6,12/11/24
58310,Urban Spokes Inc,8417821,124.8,12/11/24
58319,Rugged Spokes Systems,8437653,410.37,12/12/24
58324,Iron Riders LLC,2364374,597.72,12/12/24
58327,Iron Motion Group,3045824,615.45,12/12/24
58329,Wild Trails Group,1248479,293.29,12/12/24
58331,Velvet Adventure Co,7293528,292.68,12/12/24
58345,Trail Motion Works,8447954,282.91,12/13/24
58368,Urban Cycles Works,4106322,381.85,12/16/24
58370,Rugged Motion Outdoors,1056050,298.17,12/16/24
58372,Summit Motion Studio,2514947,141.4,12/16/24
58374,Trail Gear Corp,1879198,559.62,12/16/24
58377,Summit Wheels LLC,2116369,163.8,12/16/24
58381,Summit Outfitters Group,4574224,9308.27,12/16/24
58384,Summit Outfitters Group,4574224,2718.91,12/16/24
58387,Summit Riders LLC,8472776,210.83,12/17/24
58391,Summit Motion Corp,3382959,207.16,12/17/24
58392,Wild Spokes Systems,2294806,103.68,12/17/24
58395,Canyon Cycles LLC,1200842,786,12/17/24
58397,Canyon Motion Group,8480343,569.11,12/17/24
58403,Velvet Spokes Inc,8481721,149.08,12/18/24
58405,Trail Motion Co,3424254,123.19,12/18/24
58407,Rugged Gear Inc,7479262,135.58,12/18/24
58409,Iron Spokes Studio,8564791,601.6,12/18/24
58412,Wild Motion Outdoors,1219441,2419.81,12/19/24
58415,Wild Spokes Systems,2294806,248.89,12/19/24
58419,Wild Adventure Co,8571995,281.28,12/19/24
58420,Urban Outfitters Inc,8585554,392.28,12/19/24
58421,Summit Motion Systems,2404243,387.48,12/19/24
58422,Rugged Peaks Systems,8625831,345.67,12/19/24
58425,Swift Outfitters Works,3501288,1380.22,12/20/24
58429,Urban Outfitters Inc,8585554,54,12/20/24
58430,Rugged Peaks Works,4497611,96.61,12/20/24
58449,Urban Wheels Outdoors,4310390,498.48,12/26/24
58450,Crimson Spokes Collective,8670518,214.99,12/26/24
58464,Wild Riders Studio,2747054,46.72,12/30/24
58465,Summit Motion Studio,2514947,482.82,12/30/24
58466,Crimson Motion Group,1682530,161.64,12/30/24
58467,Wild Riders Inc,6035512,337.76,12/30/24
58469,Trail Cycles Group,2230965,587.97,12/30/24
58488,Urban Motion Systems,1121659,263.69,1/2/25
58497,Summit Outfitters Group,4574224,4928.3,1/3/25
58499,Crimson Spokes LLC,5967590,141.06,1/4/25
58500,Iron Trails Works,8715646,161.59,1/4/25
58505,Trail Peaks Co,6322574,595.68,1/5/25
58514,Trail Gear Co,5326624,308.98,1/6/25
58515,Velvet Outfitters Co,5658132,713.91,1/6/25
58518,Canyon Cycles LLC,1200842,1950,1/7/25
58526,Rugged Motion Group,8717213,524.22,1/8/25
58528,Rugged Gear Co,8776013,554.48,1/8/25
58529,Velvet Gear Studio,3322902,238.22,1/8/25
58532,Swift Outfitters Works,3501288,944.49,1/9/25
58533,Wild Cycles Corp,8777872,375.08,1/9/25
58535,Iron Wheels Systems,3029003,289.16,1/9/25
58544,Summit Peaks Group,5095876,2844.83,1/12/25
58558,Canyon Cycles LLC,1200842,1242,1/13/25
58561,Canyon Wheels Outdoors,1783522,9068.84,1/14/25
58564,Wild Motion Studio,1398859,822.56,1/14/25
58569,Crimson Gear Co,5605278,319.6,1/15/25
58570,Iron Spokes Outdoors,3721200,338.36,1/15/25
58574,Trail Cycles Inc,2816943,170.96,1/15/25
58581,Swift Outfitters Outdoors,1465820,835.8,1/17/25
58582,Summit Gear Co,8779713,199.68,1/17/25
58583,Trail Spokes Co,5148022,239.63,1/17/25
58589,Iron Trails Outdoors,1317818,420.56,1/18/25
58599,Velvet Outfitters Group,5499827,1766.03,1/19/25
58604,Iron Adventure Collective,2812637,212.4,1/21/25
58605,Iron Adventure Collective,2812637,212.4,1/21/25
58606,Iron Motion Corp,2546736,3359.4,1/21/25
58607,Iron Motion Corp,2546736,1606.2,1/21/25
58614,Crimson Adventure Group,8782066,4858.2,1/22/25
58616,Urban Peaks Works,8358315,125.7,1/23/25
58619,Swift Wheels Works,1020349,281.92,1/23/25
58620,Trail Wheels Inc,5369153,237.29,1/24/25
58622,Crimson Trails Collective,8809075,238.58,1/24/25
58626,Summit Riders Corp,2408467,303.35,1/25/25
58634,Crimson Outfitters Systems,8282921,210,1/27/25
58635,Summit Trails Works,7578743,0,1/27/25
58639,Wild Outfitters Works,7286999,264.98,1/27/25
58642,Swift Adventure Works,8845120,1185.13,1/28/25
58646,Velvet Spokes Inc,8481721,72,1/28/25
58647,Wild Wheels Studio,7677898,47.21,1/28/25
58672,Wild Peaks LLC,7390413,160.73,1/29/25
58673,Urban Cycles Collective,8847407,965.87,1/30/25
58683,Iron Spokes Collective,3915308,174.98,1/30/25
58685,Urban Gear Collective,3442305,564.95,1/30/25
58688,Canyon Motion Systems,1668040,558.35,1/30/25
58705,Summit Peaks Group,5095876,907.21,2/2/25
58710,Summit Wheels Corp,7751069,468.35,2/2/25
58719,Summit Motion Corp,3382959,321.01,2/3/25
58724,Summit Wheels Corp,7751069,0,2/3/25
58726,Iron Gear Group,3837747,200.37,2/3/25
58732,Iron Adventure Systems,8857404,309.88,2/4/25
58734,Summit Spokes Group,7019170,396,2/4/25
58736,Wild Riders Studio,2747054,0,2/4/25
58739,Wild Motion Outdoors,1219441,4414.72,2/5/25
58741,Iron Motion Inc,3205973,527.75,2/5/25
58747,Trail Peaks Studio,3337304,231.95,2/6/25
58750,Summit Peaks Systems,8867520,213.29,2/6/25
58752,Urban Trails Collective,2358152,4682.72,2/7/25
58757,Summit Outfitters Group,4574224,3064.82,2/7/25
58758,Wild Gear Systems,4401290,208.28,2/7/25
58764,Crimson Cycles LLC,8874574,696.67,2/8/25
58785,Iron Wheels Corp,4768121,756.6,2/11/25
58787,Swift Motion Corp,4092995,1327.15,2/11/25
58790,Crimson Motion Systems,6393140,202.28,2/12/25
58792,Canyon Wheels Co,8881743,316.57,2/12/25
58794,Velvet Gear Studio,3322902,181.44,2/12/25
58795,Swift Adventure Collective,8884310,303.4,2/13/25
58796,Swift Adventure Collective,8884310,159,2/13/25
58798,Wild Spokes Systems,2294806,147.9,2/13/25
58801,Canyon Spokes Collective,8887876,77.76,2/13/25
58807,Iron Motion Collective,7038971,206.18,2/14/25
58811,Canyon Gear Co,8891962,272.69,2/15/25
58812,Urban Riders LLC,6196147,273.25,2/15/25
58827,Velvet Spokes Outdoors,4590236,835.2,2/18/25
58828,Rugged Peaks Works,4497611,23.42,2/18/25
58839,Trail Motion Studio,8900823,2430.13,2/20/25
58843,Canyon Cycles LLC,1200842,2304,2/20/25
58861,Crimson Wheels Group,8901047,373.06,2/24/25
58867,Swift Spokes Systems,1144409,6.87,2/25/25
58871,Wild Spokes Systems,2294806,433.58,2/25/25
58877,Canyon Cycles Collective,8901724,207.35,2/26/25
58880,Trail Outfitters Systems,8904599,468.35,2/26/25
58884,Wild Peaks Co,7750477,72.73,2/27/25
58887,Trail Outfitters Systems,8904599,0,2/27/25
58888,Swift Adventure Systems,2813383,2664,2/27/25
58891,Iron Motion Studio,3655951,763.8,2/27/25
58915,Canyon Adventure Inc,4657154,837,3/2/25
58917,Dicks Sporting Good,3825890,20068.96,3/2/25
58922,Summit Spokes Group,7019170,315.38,3/3/25
58925,Summit Wheels Outdoors,5309180,231.89,3/3/25
58929,Trail Cycles Group,2230965,185.41,3/3/25
58939,Wild Adventure Group,3336530,544.35,3/4/25
58941,Urban Adventure Corp,1128931,296.82,3/4/25
58944,Rugged Gear Corp,8907708,502.28,3/4/25
58945,Canyon Cycles LLC,1200842,1242,3/5/25
58971,Velvet Gear Co,8951733,539.78,3/6/25
58973,Wild Outfitters Works,7286999,285.14,3/6/25
58976,Iron Adventure Inc,8954145,1011,3/6/25
58980,Wild Motion Outdoors,1219441,2708.25,3/7/25
58984,Summit Wheels Collective,6237631,571.49,3/7/25
58986,Rugged Spokes Corp,4500563,3635.3,3/7/25
59014,Rugged Cycles Group,7666248,454.8,3/10/25
59019,Summit Spokes Group,7019170,72,3/10/25
59026,Iron Peaks Co,8984707,1891.78,3/11/25
59032,Trail Trails Works,7024334,783.6,3/11/25
59040,Canyon Adventure Corp,2257403,41.05,3/12/25
59042,Wild Spokes Systems,2294806,545.78,3/12/25
59043,Iron Wheels Corp,4768121,1045.2,3/12/25
59048,Rugged Cycles Corp,8985157,892.2,3/12/25
59049,Iron Adventure Outdoors,3494987,2553.42,3/13/25
59051,Swift Trails LLC,2558399,1206,3/13/25
59059,Summit Trails Corp,9060543,768,3/13/25
59060,Wild Peaks Systems,6735430,266.15,3/13/25
59065,Rugged Riders Corp,4072766,353.51,3/13/25
59068,Urban Trails Collective,2358152,742.8,3/14/25
59070,Crimson Cycles Systems,6021040,205.2,3/14/25
59071,Rugged Trails Group,7782393,83.76,3/14/25
59077,Iron Spokes Outdoors,3721200,291.98,3/15/25
59081,Wild Riders Inc,6035512,351.98,3/16/25
59085,Swift Outfitters Studio,9071191,541.49,3/16/25
59090,Crimson Outfitters Systems,8282921,164.81,3/17/25
59092,Canyon Cycles Corp,9085774,760.8,3/17/25
59093,Wild Riders Co,5759274,349.2,3/17/25
59094,Velvet Gear Studio,3322902,145.75,3/17/25
59096,Velvet Spokes Co,9100443,1115.7,3/18/25
59097,Velvet Outfitters LLC,3814247,1904.42,3/18/25
59102,Wild Spokes Systems,2294806,258.95,3/18/25
59103,Wild Spokes Systems,2294806,180.98,3/18/25
59106,Urban Peaks Inc,1255019,344.79,3/18/25
59107,Iron Trails Corp,3627968,494.18,3/19/25
59110,Velvet Gear Collective,9106238,540.95,3/19/25
59114,Wild Spokes Systems,2294806,269.78,3/19/25
59115,Summit Adventure Collective,1668942,139.61,3/19/25
59116,Rugged Spokes Systems,8437653,340.48,3/19/25
59117,Wild Peaks Systems,6735430,183.98,3/19/25
59121,Crimson Wheels Outdoors,2888243,4560.48,3/19/25
59123,Canyon Cycles LLC,1200842,2883.6,3/20/25
59128,Canyon Cycles Inc,9109317,124.55,3/20/25
59129,Summit Outfitters Studio,2301777,961.2,3/20/25
59130,Swift Trails Corp,9124239,110.22,3/20/25
59132,Iron Peaks LLC,2236936,707.22,3/20/25
59134,Canyon Motion LLC,3413366,528.68,3/20/25
59135,Trail Motion Outdoors,9128912,1478.46,3/20/25
59137,Rugged Adventure Works,3979459,588.85,3/20/25
59142,Iron Outfitters Group,6842176,294.35,3/21/25
59143,Iron Peaks Works,9182403,660.13,3/21/25
59146,Urban Outfitters LLC,5992954,554.18,3/21/25
59151,Trail Motion Systems,4753113,512.09,3/22/25
59152,Velvet Trails Systems,1946734,331.72,3/22/25
59157,Rugged Outfitters Collective,2277258,312.25,3/22/25
59174,Urban Outfitters LLC,5992954,0,3/24/25
59176,Urban Riders LLC,6196147,224.04,3/24/25
59177,Summit Motion Corp,3382959,411.28,3/24/25
59180,Urban Riders Collective,6019775,182.92,3/24/25
59185,Canyon Adventure Studio,5062961,318.35,3/24/25
59190,Swift Trails Corp,9124239,106.2,3/24/25
59193,Velvet Peaks LLC,9186509,116.27,3/25/25
59195,Canyon Motion Outdoors,8401460,170.68,3/25/25
59197,Summit Adventure Collective,1668942,176.69,3/25/25
59198,Summit Adventure Collective,1668942,181.01,3/25/25
59199,Summit Adventure Collective,1668942,83.76,3/25/25
59200,Summit Adventure Collective,1668942,203.21,3/25/25
59201,Summit Adventure Collective,1668942,83.76,3/25/25
59202,Summit Adventure Collective,1668942,374.69,3/25/25
59208,Canyon Wheels Outdoors,1783522,7037.89,3/26/25
59209,Urban Motion Co,9216615,641.74,3/26/25
59211,Urban Outfitters Works,2644414,441,3/26/25
59212,Swift Wheels Systems,1354732,503.48,3/26/25
59215,Velvet Outfitters Group,5499827,841.2,3/26/25
59221,Trail Gear Corp,1879198,660.29,3/27/25
59222,Crimson Trails Corp,3134246,239.6,3/27/25
59224,Trail Gear Corp,1879198,0,3/27/25
59225,Summit Adventure Collective,1668942,297.89,3/27/25
59232,Urban Motion Systems,1121659,645.95,3/28/25
59235,Canyon Motion Systems,1668040,225.95,3/28/25
59245,Velvet Gear Group,1237289,790.84,3/29/25
59259,Iron Riders Systems,8381664,183.98,3/30/25
59269,Summit Riders Corp,2408467,369.95,3/31/25
59283,Rugged Wheels Systems,2642940,149.48,4/1/25
59292,Crimson Trails Outdoors,3453994,603.89,4/1/25
59299,Wild Spokes Systems,2294806,184.5,4/1/25
59300,Urban Motion LLC,1834662,304.62,4/2/25
59302,Urban Adventure Inc,9258384,231.78,4/2/25
59303,Summit Outfitters Works,6297555,518.09,4/2/25
59308,Trail Motion Group,1163295,468.35,4/2/25
59310,Urban Peaks Works,8358315,189.98,4/2/25
59311,Trail Cycles Inc,2816943,155.1,4/2/25
59313,Canyon Cycles LLC,1200842,1536,4/3/25
59315,Iron Trails Group,4115008,576.73,4/3/25
59329,Crimson Peaks LLC,5755565,401.75,4/4/25
59330,Wild Cycles Studio,8085728,159.18,4/4/25
59339,Wild Peaks Group,3918474,279.95,4/5/25
59341,Crimson Spokes LLC,5967590,224.65,4/5/25
59351,Trail Motion Systems,4753113,350.65,4/6/25
59354,Velvet Adventure Corp,5784795,796.2,4/6/25
59356,Wild Riders Group,7672579,410.18,4/6/25
59358,Canyon Cycles LLC,1200842,1578,4/7/25
59359,Wild Peaks Studio,9271325,1542.11,4/7/25
59362,Rugged Adventure Corp,4667583,201,4/7/25
59363,Urban Cycles Studio,8379029,0,4/7/25
59367,Iron Peaks Inc,9293310,3543.4,4/7/25
59376,Summit Cycles Co,7151866,539.6,4/8/25
59378,Wild Spokes Systems,2294806,229.55,4/8/25
59381,Wild Spokes Systems,2294806,299.18,4/8/25
59383,Trail Outfitters Outdoors,6748478,768,4/9/25
59384,Swift Wheels Group,9299679,399.35,4/9/25
59387,Velvet Motion Systems,2182169,299.53,4/9/25
59390,Wild Trails Outdoors,7179192,218.09,4/10/25
59392,Wild Peaks Systems,6735430,112.57,4/10/25
59396,Urban Trails Studio,1243917,1676.4,4/11/25
59402,Summit Riders Studio,3902976,1570.8,4/11/25
59410,Swift Motion Outdoors,3362851,282.35,4/11/25
59424,Iron Trails Outdoors,1317818,566.18,4/12/25
59444,Wild Motion Outdoors,1219441,3796.45,4/14/25
59445,Trail Peaks Corp,7703740,361.2,4/14/25
59449,Summit Riders Corp,2408467,289.48,4/14/25
59452,Swift Outfitters Works,3501288,537.01,4/14/25
59456,Velvet Riders Group,9319220,57.38,4/14/25
59460,Swift Cycles Systems,9344937,393.08,4/14/25
59484,Velvet Cycles Group,5639393,558.74,4/15/25
59486,Summit Motion LLC,2276959,2387.4,4/15/25
59487,Summit Wheels LLC,2116369,109.2,4/15/25
59488,Wild Spokes Systems,2294806,76.8,4/15/25
59495,Summit Outfitters Systems,9367129,205.16,4/16/25
59503,Crimson Wheels Collective,2956409,358.62,4/16/25
59511,Rugged Riders Group,4282092,614.22,4/16/25
59543,Summit Riders Co,9393957,2854.43,4/19/25
59545,Summit Trails Inc,7414248,533.15,4/19/25
59558,Wild Peaks Systems,6735430,142.58,4/21/25
59559,Wild Peaks Systems,6735430,170.1,4/21/25
59560,Wild Outfitters Group,1159124,5.71,4/21/25
59566,Iron Adventure Collective,2812637,2700,4/21/25
59567,Iron Adventure Collective,2812637,3056.4,4/21/25
59568,Summit Spokes Group,7019170,1369.8,4/21/25
59569,Swift Spokes Group,3217982,854.4,4/21/25
59571,Iron Wheels Corp,4768121,750,4/21/25
59578,Summit Wheels Outdoors,5309180,457.49,4/21/25
59579,Velvet Gear Studio,3322902,152.04,4/21/25
59582,Trail Adventure Outdoors,7598542,328.55,4/21/25
59586,Rugged Riders Corp,4072766,234.63,4/21/25
59600,Canyon Spokes Works,1811506,465.98,4/22/25
59603,Urban Wheels Outdoors,4310390,262.49,4/22/25
59606,Canyon Motion Systems,1668040,344.15,4/22/25
59607,Urban Peaks LLC,6943408,238.52,4/22/25
59618,Velvet Gear Group,1237289,447.14,4/23/25
59622,Summit Trails Corp,9060543,113.7,4/23/25
59631,Canyon Motion Inc,4990571,534.6,4/23/25
59632,Crimson Wheels LLC,1147937,711.64,4/23/25
59634,Urban Adventure Corp,1128931,584.82,4/23/25
59640,Canyon Trails LLC,9395846,378.98,4/23/25
59642,Velvet Wheels LLC,9462254,127.57,4/23/25
59643,Summit Outfitters Systems,9367129,115.83,4/24/25
59644,Summit Riders Group,9513627,486.98,4/24/25
59662,Swift Outfitters Works,3501288,1087.67,4/25/25
59663,Iron Motion Inc,3205973,414.95,4/25/25
59664,Velvet Spokes Systems,7360873,4994,4/25/25
59668,Urban Peaks Inc,1255019,294.23,4/25/25
59669,Canyon Cycles LLC,1200842,3132,4/26/25
59675,Trail Cycles LLC,5455306,459.25,4/26/25
59686,Crimson Cycles Systems,6021040,444.6,4/28/25
59689,Urban Trails LLC,3263137,1354.5,4/28/25
59690,Rugged Adventure Inc,3166888,381.8,4/28/25
59691,Velvet Riders Collective,8329197,870.6,4/28/25
59709,Canyon Motion Works,5916738,2312.4,4/29/25
59711,Urban Adventure Corp,1128931,121.99,4/29/25
59712,Crimson Peaks Outdoors,3844154,422.18,4/29/25
59713,Trail Gear Inc,2783242,308.22,4/29/25
59716,Trail Peaks Outdoors,9514412,5921.18,4/29/25
59720,Trail Riders Group,1652483,762,4/30/25
59722,Summit Outfitters Group,4574224,5521.37,4/30/25
59729,Swift Outfitters Outdoors,1465820,529.49,4/30/25
59730,Summit Riders LLC,8472776,0,4/30/25
59733,Swift Outfitters Outdoors,1465820,267.29,5/1/25
59735,Urban Riders LLC,6196147,500.18,5/1/25
59738,Iron Spokes LLC,9523300,392.09,5/1/25
59744,Velvet Motion Studio,6208076,791.4,5/1/25
59753,Trail Riders LLC,9523897,436.9,5/2/25
59757,Iron Motion Corp,2546736,3660,5/2/25
59768,Crimson Trails Corp,3134246,684.8,5/3/25
59771,Canyon Peaks Outdoors,2273506,1056,5/3/25
59772,Urban Spokes Systems,4483475,1129.2,5/3/25
59779,Rugged Spokes Corp,4500563,5938.03,5/3/25
59784,Canyon Cycles Inc,9109317,173.15,5/4/25
59792,Urban Motion Studio,1168169,333.89,5/5/25
59800,Wild Riders Co,5759274,214.2,5/5/25
59801,Canyon Spokes Group,7783985,176.5,5/5/25
59802,Crimson Trails Works,6798693,249.61,5/5/25
59820,Iron Spokes LLC,9523300,0,5/6/25
59821,Rugged Wheels Systems,2642940,0,5/6/25
59822,Wild Peaks Inc,9524103,168.01,5/6/25
59824,Wild Peaks Inc,9524103,0,5/6/25
59825,Urban Peaks Outdoors,5565446,0,5/6/25
59826,Swift Trails LLC,2558399,982.8,5/6/25
59829,Crimson Peaks Outdoors,3844154,808.2,5/6/25
59834,Rugged Outfitters Group,7139668,0,5/6/25
59835,Summit Adventure Works,4832370,169.49,5/6/25
59837,Swift Wheels Studio,9573124,461.84,5/6/25
59838,Summit Spokes Corp,9588536,119.16,5/6/25
59839,Summit Trails Co,9594846,84.98,5/6/25
59842,Urban Gear Collective,3442305,2862,5/6/25
59852,Summit Gear Group,9687706,1800,5/7/25
59857,Wild Trails Collective,9689528,0,5/7/25
59858,Wild Motion LLC,9700098,113.02,5/7/25
59861,Iron Peaks Works,9182403,418.93,5/7/25
59863,Wild Adventure Group,3336530,758.4,5/7/25
59864,Canyon Outfitters Collective,4388007,413.18,5/7/25
59866,Iron Peaks Outdoors,9876950,92.69,5/7/25
59871,Crimson Trails Co,3020084,9685.59,5/8/25
59874,Crimson Spokes Corp,5246353,482.75,5/8/25
59877,Summit Wheels LLC,2116369,153.6,5/8/25
59879,Wild Peaks Systems,6735430,149.1,5/8/25
59880,Wild Riders Co,5759274,219,5/8/25
59887,Summit Wheels Inc,5024219,130.57,5/9/25
59902,Canyon Spokes Works,1811506,356.24,5/10/25
59903,Rugged Motion Co,2538643,309.38,5/10/25
59915,Velvet Motion Group,4927799,912,5/11/25
59924,Canyon Cycles LLC,1200842,2368.5,5/11/25
59928,Trail Motion Group,1163295,101.48,5/12/25
59931,Swift Riders Collective,9898092,584.18,5/12/25
59932,Wild Peaks Outdoors,9944996,306.38,5/12/25
59935,Summit Spokes Group,7019170,0,5/12/25
59946,Swift Riders LLC,9947682,314.15,5/13/25
59948,Crimson Cycles Systems,6021040,153.6,5/13/25
59949,Rugged Gear Works,1053474,243.95,5/13/25
59950,Rugged Riders Corp,4072766,366.25,5/13/25
59952,Canyon Cycles Collective,8901724,98.87,5/13/25
59957,Swift Spokes Systems,1144409,0,5/13/25
59958,Velvet Outfitters Group,5499827,1434.23,5/13/25
59961,Velvet Adventure Group,9948197,92.69,5/14/25
59973,Iron Adventure Collective,2812637,1890.6,5/15/25
59976,Canyon Peaks Collective,5802054,761.4,5/15/25
59979,Urban Outfitters LLC,5992954,228.38,5/15/25
59981,Swift Gear Inc,4258550,643.49,5/15/25
59995,Trail Adventure Corp,5482648,294.78,5/17/25
59998,Canyon Adventure Collective,1012679,295.48,5/17/25
60023,Canyon Wheels Outdoors,1783522,8705.66,5/19/25
60024,Crimson Motion Systems,6393140,172.88,5/19/25
60025,Wild Wheels Corp,9952245,207.89,5/19/25
60026,Wild Peaks Group,3918474,170.48,5/19/25
60027,Iron Adventure Group,4779040,593.82,5/19/25
60030,Summit Riders Studio,3902976,501.35,5/19/25
60031,Rugged Outfitters Collective,2277258,561.85,5/19/25
60033,Wild Wheels Corp,9952245,0,5/19/25
60034,Iron Adventure Collective,2812637,2687,5/19/25
60035,Iron Adventure Collective,2812637,1080.6,5/19/25
60040,Trail Outfitters Works,9957708,461.63,5/20/25
60044,Summit Spokes Corp,9588536,64.71,5/20/25
60054,Urban Adventure Corp,1128931,724.36,5/20/25
60056,Urban Motion Systems,1121659,581.84,5/21/25
60060,Velvet Gear Studio,3322902,299.98,5/21/25
60065,Wild Cycles Group,4678074,370,5/22/25
60066,Iron Wheels Corp,4768121,1273.2,5/22/25
60071,Swift Trails Co,3006766,381.35,5/22/25
60072,Iron Spokes Outdoors,3721200,242.02,5/22/25
60073,Velvet Outfitters Co,5658132,619.82,5/22/25
60076,Canyon Cycles LLC,1200842,1915.2,5/22/25
60080,Urban Riders Group,8412307,264.37,5/23/25
60082,Velvet Trails Collective,9960223,397.52,5/23/25
60084,Iron Adventure Group,4779040,286.65,5/23/25
60087,Trail Wheels Collective,9988471,586.18,5/23/25
60088,Crimson Peaks LLC,5755565,324.29,5/24/25